id,title,author,source_path,tracks,duration_minutes,has_cover
934360c4-3341-41b1-b02d-bc0bde6df779,"1984","George Orwell","/audiobooks/George Orwell Collection - 1984",1,752,true
1b62075b-ad7d-4014-867a-40d46303ab29,"48 Laws Of Power CD 1","Robert Greene","/audiobooks/The 48 Laws Of Power - Robert Greene",50,593,true
6ff55e75-2527-4f6d-81a4-138fa0c4cc9e,"A Search For Beauty In Physics And In Life","Leonard Mlodinow","/audiobooks/Feynman's Rainbow",7,241,true
13e92bd9-c041-4e7f-8729-19f7c0cb78cb,"A Short History of Nearly Everything","Bill Bryson","/audiobooks/Bill Bryson - A Short History of Nearly Everything",343,1098,true
0ea6141b-0a22-450b-a080-59d4d59dac6d,"Afua Hirsch","Afua Hirsch","/audiobooks/Afua Hirsch - 2020 - We Need to Talk About the British Empire (History)",6,227,true
bfabe9c0-d41c-472f-a177-64c86a2b57f4,"Amit Goswami Quantum Physics Consciousness Creativity Healing","Amit Goswami","/audiobooks/Amit Goswami on Quantum Physics, Consciousness, Creativity and Healing",3,107,true
24ad1978-b2a8-4c5d-baf7-838d7300b3bb,"An Appetite for Wonder","Lalla Ward, Richard Dawkins","/audiobooks/Richard Dawkins - An Appetite for Wonder [MP3-C64] (2013)",16,476,true
3ca956d9-121d-4c31-b8b8-963442a4e57f,"And Yet...Essays","Christopher Hitchens","/audiobooks/Christopher HItchens - And Yet",1,693,true
c8c6d809-3d03-424f-8661-da2cd0170370,"Andy Weir","Andy Weir","/audiobooks/Andy Weir - Project Hail Mary",30,971,true
eb9f32d9-e41f-4d49-99d7-9ead48c1cf57,"Archipilago Gulag De Solzenytszyn","Aleksandr Solzhenitsyn","/audiobooks/Archipilago Gulag De Solzenytszyn",1,330,false
aca55602-1bc4-4bd6-9083-e0ae257cbfce,"Arguably: Essays","Christopher Hitchens","/audiobooks/Arguably Essays by Christopher Hitchens",342,1704,true
03dbf0cb-c04f-45a4-b9c5-0dbcfb6ed02b,"Art Logic Illogical World","","/audiobooks/Eugenia Cheng - The Art of Logic in an Illogical World",10,562,true
a1fda3ce-6392-49da-9679-3aec820d5628,"BBC Classics Ultimate Story Collection 90 Unmissable Tales","Oscar Wilde, Arthur Conan Doyle, Various, Virginia Woolf","/audiobooks/BBC Classics Ultimate Story Collection 90 Unmissable Tales",90,1565,true
fdcf1dc0-a254-4848-8412-a192fa2b56f0,"Black Holes and Baby Universes","","/audiobooks/Black Holes and Baby Universes - Stephen Hawking",1,272,true
11f14af0-e6ac-41b6-a436-2238aea9b894,"Blockchain","Alan Wright, Andrew Johnson","/audiobooks/Blockchain The Complete Guide to Uncovering Bitcoin, Cryptocurrency, Bitcoin Technology and the Future of Money",1,298,true
e55ed8a6-a794-4838-8563-2fabe95b612e,"Brian Greene","","/audiobooks/Brian Greene - The Hidden Reality_ Parallel Universes and the Deep Laws of the Cosmos",12,829,true
e7d226b6-6f87-4581-b645-ec929df94b5d,"Brianna Wiest","Brianna Wiest","/audiobooks/Brianna Wiest - 2018 - 101 Essays That Will Change the Way You Think (Health)",102,647,true
6c361ca9-7d83-4340-ae8e-62abd08c5f72,"Brief Candle in the Dark - Part 01","Richard Dawkins/Richard Dawkins","/audiobooks/Brief Candle in the Dark",15,838,true
9dbb17fa-67f4-4e7b-a998-5a1cce3f7a95,"Calling Bullshit: The Art of Skepticism in a Data-Driven World","Jevin D. West, Carl T. Bergstrom","/audiobooks/Jevin D. West & Carl T. Bergstrom - Calling Bullshit Audiobook",1,617,true
f755103a-b062-4d62-8077-066e376d80c4,"Critical Thinking How to Effectively Reason, Understand Irrationality, and Make Better Decisions","Unknown Author","/audiobooks/Critical Thinking How to Effectively Reason, Understand Irrationality, and Make Better Decisions",16,363,true
7639738d-4065-4c62-8d0f-cabdbd14973c,"Dark Psychology Audiobook Collection","Timothy Willink, Dark Psychology Academy","/audiobooks/Dark Psychology Audiobook Collection/Steven Turner/Dark Psychology -  An Essential Guide to Persuasion, Manipulation, Deception, Mind Control, Negotiation, Human Behavior, NLP, and Psychological Warfare",111,4685,true
906cdefe-ddb5-42aa-bd0b-06b7cafea17d,"Deceiving the Sky: Inside Communist China's Drive for Global Supremacy","Bill Gertz","/audiobooks/Bill Gertz - China",1,565,true
37bb18c5-4b2e-4880-8df3-56f7df5ce121,"Decoding Reality","Vlatko Vedral","/audiobooks/Vlatko Vedral - Decoding Reality; The Universe as Quantum Information",2,552,true
2facec43-b3c7-4d3d-86ab-b9f330d4b2d3,"Deep Work Rules Focused Success Distracted World","Cal Newport","/audiobooks/Cal Newport - Deep Work Rules for Focused Success in a Distracted World (Unabridged)",9,465,true
f42b6fda-b7dd-4d8b-8c43-77c32ff7c69c,"DK - How Money Works","DK/Walles Hamonde","/audiobooks/DK How Money Works",9,552,true
2c7824ec-b72d-4af3-869b-668de1b8cecb,"Dumbing Us Down The Hidden Curriculum of Compulsory Schooling","John Taylor Gatto","/audiobooks/Dumbing Us Down - The Hidden Curriculum of Compulsory Schooling",1,199,true
85b0a703-944e-432b-ade3-0e6fe7ca9c83,"E=mc2 unabridged","","/audiobooks/E=mc2 unabridged",1,409,true
97cbb4fa-2a38-4b63-a1a1-0f1e420f09a7,"Eat and Run","","/audiobooks/Eat and Run ",26,505,true
1c0ed821-5f98-4675-8668-16be0054b70a,"Einstein's Relativity and the","Richard Wolfson","/audiobooks/Einstein's Relativity and the Quantum Revolution",24,719,true
550673e2-1b34-4149-8872-a21f03737bd8,"Elon Musk","Walter Isaacson","/audiobooks/Walter Isaacson - 2023 - Elon Musk (Biography)",1,1227,true
a1ee7c4e-fbfd-4fb0-999e-03552415c04d,"Experiencing Needs as Gifts","Marshall Rosenberg","/audiobooks/Marshall Rosenberg/Experiencing Needs as Gifts",18,71,true
4b572889-c1c3-46d6-bc09-8b90fb103fc2,"Fear","Bob Woodward","/audiobooks/Fear, Trump in the White House by Bob Woodward (Audiobook)",11,740,true
f40ffad2-c1c5-4f73-8ae8-7160fe56bc0f,"Feynman","Richard Phillips Feynman, Robert B. Leighton, Matthew L. Sands","/audiobooks/Feynman/The Feynman Lectures on Physics Vol.2",12,1093,true
c900d954-e75d-45f0-bf43-2777e1e8e02e,"Giraffe Fuel For Life","Marshall Rosenberg","/audiobooks/Marshall Rosenberg/Giraffe Fuel For Life",19,73,true
dec9f00d-fae0-47c8-b729-31f190ffd569,"God is Not Great: How Religion Poisons Everything","Christopher Hitchens","/audiobooks/Christopher Hitchens - God Is Not Great",40,527,true
2300554d-bd4e-47f6-88f6-36b025fab8ee,"How Self-Control Works, Why It Matters, and What You Can Do To Get More Of It","Kelly McGonigal Ph.D./Walter Dixon","/audiobooks/The Willpower Instinct",9,501,true
cde54725-f3af-471e-8291-4653f33bb03c,"How the World Really Works","Vaclav Smil","/audiobooks/How the World Really Works by Vaclav Smil",11,608,true
2b6afbaa-eef7-4b09-a4e3-987b97adfc20,"Intimate Relationships","Marshall Rosenberg","/audiobooks/Marshall Rosenberg/Intimate Relationships",24,73,true
b0454e2c-3ae3-41d1-9c79-af46f0f46765,"Isaac Asimov Foundation","Isaac Asimov","/audiobooks/Isaac Asimov Foundation/Book 1 - Foundation",132,5203,true
3084fd73-39d9-4f36-9ad4-83aac67d455e,"Letters to a Young Contrarian","Christopher Hitchens","/audiobooks/Christopher Hitchens - Letters to a Young Contrarian",21,220,true
e0767453-c792-4f8e-8d73-02a8e21b1a42,"Mortality - Unabridged - [Disc 1]","Christopher Hitchens","/audiobooks/Christopher Hitchens - Mortality",27,131,false
dba068f8-8a7f-4c83-965f-8b3ed8e7df97,"Mother Teresa in Theory and Practice - Christopher Hitchens","The Missionary Position","/audiobooks/Christopher Hitchens The Missionary Position - Mother Teresa in Theory and Practice",1,132,true
0cd9b3a7-fa6b-4d0f-9e59-6324dd884934,"Nonviolent Communication","Marshall Rosenberg","/audiobooks/Marshall Rosenberg/Nonviolent Communication",36,307,true
e2a54e98-5ef0-447f-be24-6f2d9dda2f3f,"Parallel Worlds","Michio Kaku","/audiobooks/Parallel Worlds",21,897,true
104809e1-fc28-4497-ab91-d2b15684becc,"Particle Physics for non physicists","Steven Pollock","/audiobooks/Particle Physics for Non-Physicists",24,731,true
b0f4a10a-4b0e-475f-bcf0-4390f890dbc8,"Particle Physics: A Very Short Introduction","Frank Close","/audiobooks/Frank_Close - Particle_Physics_A_Very_Short_Introduction-Audiobook-EN-2004-PHC",29,259,true
66f6c056-c298-4014-978d-7a4f58bf045b,"Phenomena","Annie Jacobsen","/audiobooks/Annie Jacobsen/Phenomena - The Secret History of the U -S - Government's Investigations into Extrasensory Perception and Psychokinesis",26,1050,true
2d33dc23-1424-4bc3-8e29-58365539d7ca,"Physics of the Impossible","Michio Kaku","/audiobooks/Michio Kaku_Physics of the Impossible_Feodor Chin",131,710,true
db8b00ea-530c-4909-910e-627041fdfdb0,"Present at the Creation","Amir D. Aczel","/audiobooks/Amir D. Aczel - Present at the Creation (2010)",1,503,true
d622f192-8b2d-47aa-b46a-0c08717de8ae,"Quantum","Manjit Kumar","/audiobooks/Manjit Kumar - Quantum; Einstein, Bohr, and the Great Debate about the Nature of Reality",2,861,true
18e0df2b-8899-42f8-b9e6-f710408580c4,"Quantum Gravity","Justina Robson","/audiobooks/Quantum Gravity/01 - Keeping It Real",400,2402,true
76d6d510-ea19-405d-86bf-ce5a36cd633c,"R. Buckminster Fuller","Buckminster Fuller","/audiobooks/R. Buckminster Fuller - Everything I Know",12,2495,true
bc8bbeff-c40e-4b39-888a-e8fb97b2dbc2,"Relativity","Albert Einstein","/audiobooks/Relativity Albert Einstein",28,135,true
c8534c95-b696-456a-8713-232898ac73d7,"River Out of Eden","Richard Dawkins","/audiobooks/Richard Dawkins - River Out of Eden",6,173,true
c6977a54-d7e8-4e50-9bc1-56f53208cddf,"Royal Irish Academy, Vol. 17","Kuno Meyer","/audiobooks/Classic Lecture Series",20,1151,true
8bcab552-8d58-4e51-9a1e-e1938ad21f72,"Sapiens","Yuval Noah Harari","/audiobooks/Yuval Noah Harari - Sapiens - A Brief History of Humankind",26,1836,true
69017002-2794-48c2-b523-ae9a13035582,"Speaking Peace","Marshall Rosenberg","/audiobooks/Marshall Rosenberg/Speaking Peace",20,154,true
6858987c-15a5-4343-ba63-31a8f12b8b6e,"Steve Jobs","Walter Isaacson","/audiobooks/Walter Isaacson - Steve Jobs - 2011 (unabridged) - Collectors edition/Walter Isaacson - Steve Jobs - Audio Book",24,1539,true
851c25c9-db76-46dd-a518-833c1aba6ca4,"Surprise, Kill, Vanish","Annie Jacobsen","/audiobooks/Annie Jacobsen/Surprise, Kill, Vanish - The Definitive History of Secret CIA Assassins, Armies and Operators",31,1145,true
171bc52d-1165-4cf6-a609-2ee7edac70ea,"Talking to Strangers What We Should Know About the People We Don’t Know Malcom Gladwell","Malcolm Gladwell","/audiobooks/Talking to Strangers What We Should Know About the People We Don’t Know Malcom Gladwell",13,522,true
7e13eebe-11b7-440e-93e2-51dfdcdd1735,"The Age of Entanglement; When Quantum Physics Was Reborn","Louisa Gilder","/audiobooks/Louisa Gilder - The Age of Entanglement; When Quantum Physics Was Reborn",2,848,true
6fd5396a-4797-4f95-9403-90d59c3f3471,"The Amazing Story of Quantum Mechanics: A Math-Free Exploration","James Kakalios","/audiobooks/James Kakalios -The Amazing Story of Quantum Mechanics",23,565,true
f77f4fe9-c1af-4827-bf82-78a352b5e685,"The Black Hole War","Leonard Susskind","/audiobooks/Leonard Susskind - The Black Hole War",10,769,true
acb00477-7085-4791-9b60-fbbe91b0434a,"The Character of Physical Law","Richard P Feynman","/audiobooks/The Character of Physical Law",4,164,true
05db3009-43be-4a65-b6ce-a989fe02475e,"The Fabric of the Cosmos","The Fabric of the Cosmos","/audiobooks/The Fabric of the Cosmos -Brian Greene",16,1356,true
ada4a255-57fe-46c2-ae33-b36c947ad973,"The Field: The Quest for the Secret Force of the Universe","Lynne McTaggart","/audiobooks/lynne mctaggart-the field (the quest for the secret force of the universe)",4,139,true
d4e853ef-93d6-4799-832d-8475266492dd,"The God Delusion","Richard Dawkins","/audiobooks/2006 The God Delusion",62,832,true
2bbf7a68-dbcd-4ae7-91fd-2823a0afa485,"The Hard Thing About Hard Things Audiobook","Ben Horowitz","/audiobooks/The Hard Thing About Hard Things Audiobook",1,460,true
9c1438f8-5bcc-485f-80c3-be4d2f0fdb1c,"The House On Mango Street","Sandra Cisneros","/audiobooks/THE HOUSE ON MANGO STREET - Sandra Cisneros",46,138,true
fa3b1553-b74e-4c3c-ac3a-3d0f396e8144,"The Insecure Mind of Sergei Kraev","Eric Silberstein","/audiobooks/Eric Silberstein - 2021 - The Insecure Mind of Sergei Kraev (Sci-Fi)",1,645,true
1b78d6b1-5834-48c5-9471-d044e6984e7b,"The Magic of Reality","","/audiobooks/The Magic of Reality - Richard Dawkins",6,402,true
be3ad11a-df65-4cfe-988c-1d7f2cc8c602,"The Parasitic Mind: How Infectious Ideas Are Killing Common Sense","Gad Saad","/audiobooks/Gad Saad - The Parasitic Mind",1,457,true
530341d7-c03e-4d8b-bff1-03464843a255,"The Power We Have to Create the World of Our Choosing","Marshall Rosenberg","/audiobooks/Marshall Rosenberg/The Power We Have to Create the World of Our Choosing",6,60,true
0dbd8113-5fe0-4ba1-8658-eec9b6587e79,"The Selfish Gene","Richard Dawkins","/audiobooks/Richard Dawkins The Selfish Gene (chapters)",14,970,true
861d9e27-ff02-48a0-9203-0f822ff45606,"The Singularity Is Near Unabridged Audiobook","","/audiobooks/The Singularity Is Near Unabridged Audiobook",3,1481,true
1247ea16-667c-4768-9602-22bd307241f2,"The Theory Of Everything","Stephen Hawking","/audiobooks/The Theory Of Everything",44,235,true
86a58e60-19fe-4352-a61d-52c43c4bb7f7,"Ulysses","James Joyce","/audiobooks/James Joyce/Ulysses Disc 06",158,74,true
c48d35ae-1ea9-414d-8db0-ccb0942dbb39,"Uncertainty","David Lindley","/audiobooks/David Lindley - Uncertainty; Einstein, Heisenberg, Bohr, and the Struggle for the Soul of Science",1,422,true
d8b1239d-7aae-436a-859a-b520f1715f0f,"Unweaving the Rainbow: Science, Delusion and the Appetite for Wonder","Richard Dawkins","/audiobooks/Unweaving the Rainbow (2021)",1,712,true
3621010f-2fd7-410c-99cd-496849974175,"Visions","Michio Kaku","/audiobooks/Michio Kaku - Visions",11,941,true
3c0030af-94fb-4367-addf-11bc12259c76,"What They Don't Teach You at Harvard Business School","Mark H. McCormack","/audiobooks/What They Don't Teach You at Harvard Business School - 1",10,74,true
98eb4e4b-c6df-4cd2-bec9-8063b2e16a2c,"When the Body Says No - The Cost of Hidden Stress - Gabor Mate","Gabor Maté/Daniel Maté","/audiobooks/When the Body Says No - The Cost of Hidden Stress - Gabor Mate",22,797,true
e8a031b7-59f8-47a0-a4e1-0b2e24b67af7,"Сумерки богов","Камю Альбер, Фромм Эрих, Ницше Фридрих, Сартр Жан-Поль - Сумерки богов, Фрейд Зигмунд","/audiobooks/Nicshe Fridrich - Sumerki bogov/01.Фридрих Ницше - Антихристианин",57,283,false
c611b244-c7c9-464a-b0c3-e1bd64216b4e,"Улисс","Джойс Джеймс","/audiobooks/Джойс Джеймс – Улисс (Лебедева Валерия)",152,3398,true